,APO,APO_Ca,Icilin,Icilin_Ca
781-784,0.99925,1.0,1.0,1.0
781-842,0.0615,0.09075,0.0,0.0
781-1008,0.9845,0.9985,0.996,0.99775
782-784,0.0,0.0,0.0,1.0
782-842,0.0,0.0,0.0,0.0005
782-1008,0.0,0.0,0.0,0.299
784-1004,0.60575,0.41975,0.5975,0.00225
796-842,0.01125,0.08425,0.0005,0.24175
802-842,0.979,0.9945,1.0,1.0
802-1008,0.02875,0.22375,0.1155,0.01075
842-1004,0.0405,0.4835,0.058,0.79
1004-1008,1.0,1.0,1.0,1.0
